i,habitat_cells,matrix_alpha,habitat_alpha,ratio,eca
48,4560,200,3200,16,162.07491940867078
48,4560,400,6400,16,206.52031466927107
48,4560,800,12800,16,252.21142936188588
48,4560,200,12800,64,190.8700655933367
48,4560,1600,25600,16,299.24519915099887
48,4560,400,25600,64,232.27427192474067
45,5610,200,200,1,61.887453854084015
45,5610,400,400,1,102.41785048386879
45,5610,800,800,1,166.76735030840644
45,5610,1600,1600,1,253.9245214983826
45,5610,3200,3200,1,342.3917719046273
45,5610,6400,6400,1,410.4759880086247
45,5610,12800,12800,1,453.6940957487323
45,5610,200,3200,16,200.64956089714306
45,5610,25600,25600,1,478.19241509773565
45,5610,400,6400,16,263.8458405082672
45,5610,800,12800,16,333.186271681674
45,5610,1600,25600,16,396.18422581877576
19,5916,200,200,1,84.78732048008155
19,5916,400,400,1,143.50536768727238
19,5916,800,800,1,225.3915012992433
19,5916,1600,1600,1,318.66820418486105
19,5916,3200,3200,1,400.7383585935783
19,5916,6400,6400,1,458.2974265577253
19,5916,12800,12800,1,492.9450341361232
19,5916,25600,25600,1,512.0354362431549
19,5916,200,3200,16,318.34581612165675
19,5916,400,6400,16,378.6122674039343
49,2309,200,12800,64,83.67529962314902
19,5916,800,12800,16,425.91431299861483
49,2309,400,25600,64,105.0941629400593
19,5916,1600,25600,16,464.22706584199574
26,7122,200,200,1,90.62381375282855
26,7122,400,400,1,146.28941287143292
26,7122,800,800,1,219.3356816535259
26,7122,1600,1600,1,313.2193454618901
26,7122,3200,3200,1,418.60120639285066
26,7122,6400,6400,1,507.8437957426145
26,7122,12800,12800,1,567.5991344780028
26,7122,25600,25600,1,602.3857468096797
26,7122,200,3200,16,311.19885266126414
26,7122,400,6400,16,361.9029550759539
29,7473,200,200,1,96.68384469996388
26,7122,800,12800,16,421.26690197742323
29,7473,400,400,1,167.2658327805489
26,7122,1600,25600,16,490.3683033283013
29,7473,800,800,1,265.0547331003247
29,7473,1600,1600,1,376.2001064526846
29,7473,3200,3200,1,480.33199833155146
29,7473,6400,6400,1,559.972486214748
29,7473,12800,12800,1,611.1150646949297
13,8634,200,200,1,95.68693754528746
29,7473,25600,25600,1,640.3922391041316
13,8634,400,400,1,155.62429944353775
13,8634,800,800,1,247.78684491365203
13,8634,1600,1600,1,377.03257082657984
13,8634,3200,3200,1,514.4417270999958
13,8634,6400,6400,1,623.2887623580865
13,8634,12800,12800,1,693.3486841738279
13,8634,25600,25600,1,733.3160910926179
39,9909,200,200,1,87.35635897495271
32,10069,200,200,1,94.48102797047562
39,9909,400,400,1,150.17456590965477
32,10069,400,400,1,162.3451479555781
48,4560,200,6400,32,179.8195461885439
39,9909,800,800,1,258.3602592107331
48,4560,400,12800,32,222.8100289328183
48,4560,800,25600,32,265.06580168669325
32,10069,800,800,1,275.9644132475231
39,9909,1600,1600,1,413.57914589135186
32,10069,1600,1600,1,435.99905530890237
39,9909,3200,3200,1,578.1151433297043
32,10069,3200,3200,1,601.3572994371798
39,9909,6400,6400,1,708.1243458100971
32,10069,6400,6400,1,729.1574750234389
39,9909,12800,12800,1,791.7839714843836
32,10069,12800,12800,1,810.2589725456351
39,9909,25600,25600,1,839.527886648942
32,10069,25600,25600,1,856.1881983527306
39,9909,200,12800,64,446.197557495986
39,9909,200,3200,16,339.9866062116906
39,9909,400,25600,64,579.2740993937155
39,9909,400,6400,16,481.8698168453615
39,9909,800,12800,16,625.2933858924645
22,9846,200,3200,16,679.7395455101948
39,9909,1600,25600,16,736.161856991121
22,9846,400,6400,16,767.6435446470265
22,9846,800,12800,16,820.7901946813411
22,9846,1600,25600,16,851.34249425348
32,10069,200,3200,16,378.02796252573506
32,10069,400,6400,16,531.5254502772524
32,10069,800,12800,16,672.9577554298155
32,10069,1600,25600,16,774.1175711570379
49,2309,200,3200,16,73.57185417590837
49,2309,400,6400,16,95.64797278584331
49,2309,800,12800,16,122.74199767123693
49,2309,1600,25600,16,150.06014715604178
48,4560,200,25600,128,197.14101743719309
42,11866,200,200,1,107.18178755039703
42,11866,400,400,1,182.81391749751003
45,5610,200,400,2,90.6754282479069
45,5610,400,800,2,140.89981758618265
45,5610,800,1600,2,214.55648092517103
45,5610,200,6400,32,225.4368318295565
45,5610,1600,3200,2,301.7535691856396
45,5610,400,12800,32,286.0504533936389
42,11866,800,800,1,308.1411375845087
45,5610,3200,6400,2,379.5662005328906
45,5610,800,25600,32,350.59243469975246
45,5610,6400,12800,2,434.332555574187
45,5610,12800,25600,2,467.3141556331499
42,11866,1600,1600,1,489.10257449229
42,11866,3200,3200,1,685.3546199030474
42,11866,6400,6400,1,842.908998122833
42,11866,12800,12800,1,945.1133301860444
19,5916,200,400,2,137.74896999507692
42,11866,25600,25600,1,1003.6649920318497
42,11866,200,3200,16,397.4180731617379
19,5916,400,800,2,212.69236664321483
19,5916,800,1600,2,299.3244471735024
19,5916,1600,3200,2,380.53538663958125
19,5916,3200,6400,2,442.913106830658
42,11866,400,6400,16,543.5109159168188
19,5916,6400,12800,2,483.3383629046265
19,5916,12800,25600,2,506.6534349683997
49,2309,200,6400,32,79.89726673050005
19,5916,200,6400,32,353.91631825523535
49,2309,400,12800,32,101.63636392988103
49,2309,800,25600,32,127.91350906776144
19,5916,400,12800,32,402.55270787725283
42,11866,800,12800,16,708.7519700545167
19,5916,800,25600,32,440.34789748077037
42,11866,1600,25600,16,849.1339864257932
26,7122,200,400,2,143.77381623966025
26,7122,400,800,2,210.66618608715245
26,7122,800,1600,2,288.774371092538
26,7122,1600,3200,2,380.6283881466056
26,7122,3200,6400,2,472.7521880628121
26,7122,6400,12800,2,543.6070232240285
26,7122,12800,25600,2,588.3493362951735
26,7122,200,6400,32,340.783304873212
26,7122,400,12800,32,382.3832059638119
26,7122,800,25600,32,436.29138803075233
29,7473,200,400,2,162.48215593532095
29,7473,400,800,2,256.20203754394674
29,7473,800,1600,2,359.72639354897404
29,7473,1600,3200,2,455.5682060848181
29,7473,3200,6400,2,535.9589092549055
29,7473,6400,12800,2,594.0902215555476
29,7473,12800,25600,2,630.2296622561997
50,3484,200,3200,16,114.44273092281858
50,3484,400,6400,16,149.8871537346358
50,3484,800,12800,16,195.94234417115746
50,3484,1600,25600,16,239.79757525393822
13,8634,200,400,2,148.17644131227487
13,8634,400,800,2,221.67125358537072
13,8634,800,1600,2,327.20144083401567
13,8634,1600,3200,2,457.42398334953776
13,8634,3200,6400,2,578.1465944407023
13,8634,6400,12800,2,664.6494481421242
13,8634,12800,25600,2,717.0977836505597
46,5390,200,200,1,57.89983925406515
46,5390,400,400,1,91.21943946484735
46,5390,800,800,1,146.5811253866539
46,5390,1600,1600,1,227.63373470854893
46,5390,200,3200,16,146.28218987552222
46,5390,3200,3200,1,315.4775900141669
46,5390,400,6400,16,192.8946525306328
46,5390,6400,6400,1,385.6150359465934
46,5390,800,12800,16,262.85940539143803
46,5390,12800,12800,1,430.9000575926033
46,5390,1600,25600,16,339.310960487978
46,5390,25600,25600,1,456.7672909592052
49,2309,200,25600,128,85.72443872844701
20,5886,200,200,1,73.95240303593063
20,5886,400,400,1,116.11972343499434
20,5886,800,800,1,173.81840805379795
20,5886,1600,1600,1,251.47996593349325
20,5886,3200,3200,1,340.5407641558082
20,5886,6400,6400,1,416.4350996804485
20,5886,12800,12800,1,467.3005375682964
20,5886,25600,25600,1,496.9063439730136
32,10069,200,400,2,145.32689323894138
39,9909,200,400,2,130.84961243339208
20,5886,200,3200,16,204.4803412073958
32,10069,400,800,2,238.0308206785143
20,5886,400,6400,16,240.211266967426
20,5886,800,12800,16,295.0627188497459
39,9909,400,800,2,215.30405418093656
20,5886,1600,25600,16,365.03469847606135
32,10069,800,1600,2,380.84507237638434
39,9909,800,1600,2,349.2539217943935
32,10069,1600,3200,2,548.0679088959349
39,9909,1600,3200,2,513.1256326871032
50,3484,200,6400,32,123.8996709719077
50,3484,400,12800,32,159.05889637511967
50,3484,800,25600,32,203.83692364672444
32,10069,3200,6400,2,690.6899092678252
39,9909,3200,6400,2,659.6529249812853
32,10069,6400,12800,2,786.9164545948814
39,9909,6400,12800,2,761.81548610463
39,9909,200,25600,128,471.7032779253073
32,10069,12800,25600,2,843.2981123248574
39,9909,12800,25600,2,822.814514029431
39,9909,200,6400,32,403.1861822512888
39,9909,400,12800,32,542.3515212451777
39,9909,800,25600,32,671.1104447576673
22,9846,200,6400,32,766.2770229807566
22,9846,400,12800,32,817.6966631775642
22,9846,800,25600,32,847.9596401454363
45,5610,200,12800,64,240.6250180605302
45,5610,400,25600,64,298.85919486387877
30,7199,200,200,1,96.39219203868723
32,10069,200,6400,32,445.9514361670071
30,7199,400,400,1,163.366667334497
48,4560,200,200,1,55.10189018316339
48,4560,400,400,1,86.44122570026435
48,4560,800,800,1,130.31986752579476
30,7199,800,800,1,260.0734470933072
48,4560,1600,1600,1,190.46176032514182
32,10069,400,12800,32,594.6768167532981
48,4560,3200,3200,1,260.61267114803894
30,7199,1600,1600,1,376.31673651402446
48,4560,6400,6400,1,320.693943062955
48,4560,12800,12800,1,360.9774092854668
48,4560,25600,25600,1,384.41623726600005
30,7199,3200,3200,1,480.9586998034474
32,10069,800,25600,32,718.7418355628646
30,7199,6400,6400,1,554.2967334145183
30,7199,12800,12800,1,598.1911505304911
30,7199,25600,25600,1,622.268705826396
51,2759,200,3200,16,109.96147119818644
51,2759,400,6400,16,132.75646896033606
51,2759,800,12800,16,155.41850474776268
51,2759,1600,25600,16,180.5571108710659
27,8996,200,200,1,88.95527201610733
27,8996,400,400,1,154.17134738571335
27,8996,800,800,1,258.8013257708524
27,8996,1600,1600,1,399.9445622167543
46,5390,200,400,2,81.09342375209299
46,5390,400,800,2,119.54431516800881
27,8996,3200,3200,1,543.913422817069
46,5390,800,1600,2,181.8296415558675
46,5390,1600,3200,2,265.67767640978167
46,5390,3200,6400,2,347.0923616514291
27,8996,6400,6400,1,655.129207433514
46,5390,6400,12800,2,406.6708550092864
46,5390,200,6400,32,157.53637063281022
46,5390,12800,25600,2,443.14435948762736
46,5390,400,12800,32,204.40323123390382
46,5390,800,25600,32,274.10138240975493
27,8996,12800,12800,1,725.8272144434899
27,8996,25600,25600,1,765.9214402560375
50,3484,200,12800,64,129.3816233853128
50,3484,400,25600,64,164.172895414508
27,8996,200,3200,16,402.3297173571278
27,8996,400,6400,16,522.1949067012432
27,8996,800,12800,16,620.5936020996681
27,8996,1600,25600,16,694.3927935243152
20,5886,200,400,2,110.55681975927197
19,5916,200,12800,64,374.9238249906314
20,5886,400,800,2,157.24149314126433
51,2759,200,6400,32,120.04888981569938
19,5916,400,25600,64,415.70360609915093
51,2759,400,12800,32,140.11548335763493
20,5886,800,1600,2,216.89872626528594
51,2759,800,25600,32,160.33634106528152
20,5886,1600,3200,2,293.8689490222528
20,5886,3200,6400,2,375.45200670158044
20,5886,6400,12800,2,439.8494831499533
20,5886,12800,25600,2,480.99112738207356
42,11866,200,400,2,166.92684529882877
20,5886,200,6400,32,218.4237704786637
20,5886,400,12800,32,250.62667473930236
51,2759,200,12800,64,125.92954988646225
51,2759,400,25600,64,144.12404584447216
20,5886,800,25600,32,304.31865766387966
42,11866,400,800,2,267.0640037852244
23,5325,200,3200,16,221.64944123490426
23,5325,400,6400,16,256.5144776763144
23,5325,800,12800,16,290.3233999981658
23,5325,1600,25600,16,332.91900132142604
42,11866,800,1600,2,420.2914297428699
42,11866,1600,3200,2,611.1787161715621
42,11866,3200,6400,2,785.8277235863083
14,9789,200,200,1,110.92819713739466
42,11866,6400,12800,2,909.2954644654814
14,9789,400,400,1,191.76904072240916
14,9789,800,800,1,315.03684993468295
42,11866,12800,25600,2,983.5462297897676
48,4560,200,400,2,79.18609023035985
48,4560,400,800,2,115.96859851069479
48,4560,800,1600,2,164.43810679081105
48,4560,1600,3200,2,225.70507742236921
42,11866,200,6400,32,451.4342290697027
48,4560,3200,6400,2,289.70879748836126
14,9789,1600,1600,1,471.41314572367475
48,4560,6400,12800,2,340.0729459792777
48,4560,12800,25600,2,372.2501709098255
14,9789,3200,3200,1,621.316362213391
42,11866,400,12800,32,596.2119271842733
14,9789,6400,6400,1,732.2028944480196
42,11866,800,25600,32,751.4067567326483
14,9789,12800,12800,1,800.9564987314709
14,9789,25600,25600,1,839.4353653405598
45,5610,200,25600,128,249.08274753854266
30,7199,200,400,2,157.2761949757759
30,7199,400,800,2,243.4154964612341
30,7199,800,1600,2,350.95693870762966
30,7199,1600,3200,2,457.45408821343693
30,7199,3200,6400,2,538.1344132618667
30,7199,6400,12800,2,588.697779105456
30,7199,12800,25600,2,617.1221659737704
47,6015,200,200,1,59.23955075990653
47,6015,400,400,1,96.645591468391
50,3484,200,25600,128,132.3442235697915
47,6015,800,800,1,162.29425720944914
47,6015,1600,1600,1,257.19028816074984
49,2309,200,200,1,30.182262648718705
49,2309,400,400,1,46.06522703463696
49,2309,800,800,1,70.31598859327545
49,2309,1600,1600,1,103.58093287598119
49,2309,3200,3200,1,138.99533217548642
49,2309,6400,6400,1,167.31764204270425
47,6015,3200,3200,1,356.626567361452
49,2309,12800,12800,1,185.69575995470487
49,2309,25600,25600,1,196.2330708783242
47,6015,6400,6400,1,433.94224501597563
47,6015,12800,12800,1,483.1139648236898
47,6015,25600,25600,1,510.98364101937756
47,6015,200,3200,16,158.9837088985656
47,6015,400,6400,16,228.62976941455784
47,6015,800,12800,16,321.03565091415896
47,6015,1600,25600,16,405.9098337490428
33,11482,200,200,1,104.62477850579717
33,11482,400,400,1,175.2131997273471
21,5947,200,200,1,58.59668055186965
33,11482,800,800,1,289.6951420692895
21,5947,400,400,1,93.59818095988788
23,5325,200,6400,32,243.68698588968888
40,11730,200,200,1,106.27266959675856
21,5947,800,800,1,152.7857045316443
23,5325,400,12800,32,271.1413323134846
21,5947,1600,1600,1,240.78174094390917
23,5325,800,25600,32,300.0467561060176
21,5947,3200,3200,1,339.0120875431951
33,11482,1600,1600,1,460.04251751167953
49,2309,200,400,2,40.43231960711463
49,2309,400,800,2,58.66738213266275
21,5947,6400,6400,1,419.2742612662248
49,2309,800,1600,2,85.21452226968893
49,2309,1600,3200,2,118.2473711836664
49,2309,3200,6400,2,150.30507235799408
49,2309,6400,12800,2,174.53890660286797
40,11730,400,400,1,175.86885390725172
49,2309,12800,25600,2,189.8066084433091
21,5947,12800,12800,1,471.78584917161146
21,5947,25600,25600,1,501.9895932165971
33,11482,3200,3200,1,651.2166669377744
27,8996,200,400,2,139.15862526994889
40,11730,800,800,1,288.2170512483763
27,8996,400,800,2,228.66593851708282
33,11482,6400,6400,1,807.5424228384015
19,5916,200,25600,128,386.3343233186753
27,8996,800,1600,2,356.04185371810485
40,11730,1600,1600,1,458.5249446383859
33,11482,12800,12800,1,909.8144843272411
27,8996,1600,3200,2,498.82848775957024
40,11730,3200,3200,1,654.3083486949243
27,8996,3200,6400,2,620.7058368990465
33,11482,25600,25600,1,968.6390059819602
27,8996,6400,12800,2,704.1851164328638
40,11730,6400,6400,1,817.2110291915764
27,8996,12800,25600,2,753.7340652085828
40,11730,12800,12800,1,924.8188741760086
27,8996,200,6400,32,490.9718194955233
21,5947,200,3200,16,243.99809351578602
21,5947,400,6400,16,319.2371567471135
21,5947,800,12800,16,395.7450868998516
27,8996,400,12800,32,590.7437227295524
40,11730,25600,25600,1,987.0180095822424
21,5947,1600,25600,16,454.6216447896854
27,8996,800,25600,32,665.2768728858529
40,11730,200,3200,16,387.9088741809442
40,11730,400,6400,16,516.4622001658078
40,11730,800,12800,16,679.289626585112
40,11730,1600,25600,16,826.3753961091461
33,11482,200,3200,16,403.0758170719234
35,9015,200,200,1,82.27644344514897
51,2759,200,25600,128,129.11544636166585
35,9015,400,400,1,140.35221953185751
33,11482,400,6400,16,537.3504168786695
35,9015,800,800,1,237.2804289837841
33,11482,800,12800,16,695.0986683686035
35,9015,1600,1600,1,376.11231552668676
35,9015,3200,3200,1,524.7969604875242
33,11482,1600,25600,16,830.419499608683
35,9015,6400,6400,1,643.1806721749792
35,9015,12800,12800,1,719.6644996758679
47,6015,200,400,2,83.57703500563822
35,9015,25600,25600,1,763.3983988535111
47,6015,400,800,2,129.4240382589426
47,6015,800,1600,2,206.83559234181658
47,6015,1600,3200,2,306.2551233973175
47,6015,3200,6400,2,396.863312445167
47,6015,6400,12800,2,460.38787762464096
47,6015,12800,25600,2,498.370932618217
48,4560,200,800,4,108.01283043496483
48,4560,400,1600,4,150.0368963932864
48,4560,800,3200,4,201.1425403001382
48,4560,1600,6400,4,259.40252032478685
48,4560,3200,12800,4,314.7759139715509
48,4560,6400,25600,4,355.76613526635305
47,6015,200,6400,32,173.95159551813208
47,6015,400,12800,32,246.15024458720683
47,6015,800,25600,32,337.414931035514
31,8858,200,200,1,89.45595331919151
43,10876,200,200,1,97.62137537727936
31,8858,400,400,1,145.95754492626358
31,8858,800,800,1,232.20872981245955
43,10876,400,400,1,168.1927238169512
31,8858,1600,1600,1,357.8069231869229
31,8858,3200,3200,1,501.4569860828708
43,10876,800,800,1,284.6022792975483
31,8858,6400,6400,1,621.2594102862342
43,10876,1600,1600,1,452.30156789272
14,9789,200,400,2,182.24418778960342
31,8858,12800,12800,1,700.5712759140055
21,5947,200,400,2,86.4474406992692
21,5947,400,800,2,132.55828490544678
21,5947,800,1600,2,204.49835131955234
14,9789,400,800,2,289.01056993322925
31,8858,25600,25600,1,746.4773789807293
43,10876,3200,3200,1,632.8410347654514
21,5947,1600,3200,2,298.20499316299373
21,5947,3200,6400,2,387.26622692829187
21,5947,6400,12800,2,451.5412718924961
14,9789,800,1600,2,430.04315084619196
21,5947,12800,25600,2,490.57948006331594
43,10876,6400,6400,1,776.2605165781448
14,9789,1600,3200,2,579.7989685434305
43,10876,12800,12800,1,868.5787366185988
14,9789,3200,6400,2,701.7686695384435
14,9789,6400,12800,2,782.370310128407
43,10876,25600,25600,1,921.2296683550421
14,9789,12800,25600,2,829.1428785446775
21,5947,200,6400,32,293.97690665999426
21,5947,400,12800,32,361.960826728899
21,5947,800,25600,32,426.87858093245745
24,8608,200,3200,16,600.4022055078364
43,10876,200,3200,16,452.75191496507534
24,8608,400,6400,16,678.9015302781715
24,8608,800,12800,16,724.3761542567263
43,10876,400,6400,16,603.529595103828
24,8608,1600,25600,16,748.9016409349773
46,5390,200,12800,64,164.11010375805526
43,10876,800,12800,16,744.0538025270818
46,5390,400,25600,64,210.98933633201904
43,10876,1600,25600,16,845.6662124616665
1,6448,200,200,1,75.33829060397173
1,6448,400,400,1,122.96235990150491
1,6448,800,800,1,195.15408988625575
1,6448,1600,1600,1,292.6544617822276
1,6448,3200,3200,1,393.55618402600714
1,6448,6400,6400,1,471.85404601523345
1,6448,12800,12800,1,521.5649626922507
1,6448,25600,25600,1,549.7009526976661
22,9846,200,200,1,128.09124119848704
22,9846,400,400,1,232.95942165091563
28,9052,200,200,1,99.50320889646184
22,9846,800,800,1,384.9758701576956
28,9052,400,400,1,165.83497889556185
48,4560,200,1600,8,137.32675447743233
37,10586,200,200,1,96.41164853523955
22,9846,1600,1600,1,551.1216617203497
48,4560,400,3200,8,182.01560792042778
48,4560,800,6400,8,231.5768872115184
28,9052,800,800,1,264.43864901327925
48,4560,1600,12800,8,283.954894587864
48,4560,3200,25600,8,331.5198047947084
22,9846,3200,3200,1,686.8766322931879
37,10586,400,400,1,165.26006157634484
28,9052,1600,1600,1,396.57857264736606
22,9846,6400,6400,1,776.5088062475963
37,10586,800,800,1,274.16854112578295
28,9052,3200,3200,1,537.5687678525635
22,9846,12800,12800,1,828.4961297326665
28,9052,6400,6400,1,651.1909519835818
37,10586,1600,1600,1,429.98631465551966
28,9052,12800,12800,1,725.2663618638783
22,9846,25600,25600,1,856.5643130982019
37,10586,3200,3200,1,603.4531408818655
28,9052,25600,25600,1,767.83773793177
37,10586,6400,6400,1,745.8370850036306
28,9052,200,3200,16,388.7263848032588
37,10586,12800,12800,1,839.3604929432207
28,9052,400,6400,16,486.64975673862284
37,10586,25600,25600,1,893.2850309425581
28,9052,800,12800,16,592.0446980788481
45,5610,200,800,4,127.11559175286853
45,5610,400,1600,4,186.18365601532577
45,5610,800,3200,4,263.8002749837876
28,9052,1600,25600,16,680.5312563805861
45,5610,1600,6400,4,344.5373849637687
45,5610,3200,12800,4,409.62664034997465
45,5610,6400,25600,4,452.50184305283756
40,11730,200,12800,64,492.1843563184969
49,2309,200,800,4,52.629681645979176
49,2309,400,1600,4,73.48575129487564
49,2309,800,3200,4,101.59463117355433
40,11730,400,25600,64,612.3377508773651
49,2309,1600,6400,4,132.97854940408234
49,2309,3200,12800,4,161.00318653861703
49,2309,6400,25600,4,181.15849593194852
33,11482,200,400,2,161.6980578708786
33,11482,400,800,2,253.60477514501852
33,11482,800,1600,2,395.01552866097535
20,5886,200,12800,64,226.18391193424156
20,5886,400,25600,64,256.2584444616459
13,8634,200,3200,16,336.63616254679266
33,11482,1600,3200,2,578.4500049286137
13,8634,400,6400,16,417.01211775448985
33,11482,3200,6400,2,750.9257556821727
13,8634,800,12800,16,510.5549355828809
15,6266,200,200,1,80.77583172354278
15,6266,400,400,1,132.31716524311395
13,8634,1600,25600,16,603.7353517761514
15,6266,800,800,1,198.508454585558
33,11482,6400,12800,2,874.1908398050232
15,6266,1600,1600,1,278.4576789022842
15,6266,3200,3200,1,367.7686317993451
19,5916,200,800,4,203.216013008562
15,6266,6400,6400,1,445.22309803456636
33,11482,12800,25600,2,948.6164584802531
19,5916,400,1600,4,283.79635639886936
15,6266,12800,12800,1,498.07144010230144
19,5916,800,3200,4,360.46177165539837
40,11730,200,400,2,164.29460044489434
15,6266,25600,25600,1,529.1708105146591
19,5916,1600,6400,4,423.6649287409077
19,5916,3200,12800,4,469.39191053120976
19,5916,6400,25600,4,498.17960336401285
40,11730,400,800,2,251.53144219626623
35,9015,200,400,2,123.91277213638409
40,11730,800,1600,2,388.3339416569299
35,9015,400,800,2,200.42203116876757
40,11730,1600,3200,2,573.5045951132063
35,9015,800,1600,2,318.8271889597304
35,9015,1600,3200,2,465.7511803173751
40,11730,3200,6400,2,753.2292334151997
35,9015,3200,6400,2,598.8550732191355
35,9015,6400,12800,2,692.2076745673804
40,11730,6400,12800,2,884.1707932366885
49,2309,200,1600,8,64.25131046740785
49,2309,400,3200,8,86.27465694243409
49,2309,800,6400,8,114.23737996540098
49,2309,1600,12800,8,143.42661576405754
49,2309,3200,25600,8,168.22629952938618
35,9015,12800,25600,2,748.0774147701069
40,11730,12800,25600,2,964.0573306541083
31,8858,200,400,2,135.87618159926444
31,8858,400,800,2,205.13517319309318
40,11730,200,6400,32,449.80742707351067
31,8858,800,1600,2,306.03659329459566
31,8858,1600,3200,2,439.52073025526545
40,11730,400,12800,32,575.9681358467129
31,8858,3200,6400,2,570.8763428939563
40,11730,800,25600,32,729.2872288856472
31,8858,6400,12800,2,668.0788638369136
47,6015,200,12800,64,183.08381460786563
47,6015,400,25600,64,256.293792872655
31,8858,12800,25600,2,727.9793615319112
1,6448,200,400,2,116.29242077083624
1,6448,400,800,2,177.78109526349405
1,6448,800,1600,2,262.4997511724047
1,6448,1600,3200,2,360.0567178077287
1,6448,3200,6400,2,445.6424047134457
35,9015,200,800,4,182.59812628876114
33,11482,200,6400,32,467.2526058391721
1,6448,6400,12800,2,504.9832816397963
24,8608,200,6400,32,678.4716718023496
1,6448,12800,25600,2,540.3507847503151
35,9015,400,1600,4,282.2946660653143
24,8608,400,12800,32,724.1292708160485
33,11482,400,12800,32,597.8849988247686
35,9015,800,3200,4,417.77131861488954
24,8608,800,25600,32,748.7693506467892
50,3484,200,200,1,44.11387275936563
50,3484,400,400,1,70.24275537848605
35,9015,1600,6400,4,556.7269308770565
50,3484,800,800,1,111.02970109643628
50,3484,1600,1600,1,166.368237556179
50,3484,3200,3200,1,220.84036443983018
33,11482,800,25600,32,743.9191560975721
50,3484,6400,6400,1,260.86119529189824
50,3484,12800,12800,1,285.3732028401832
50,3484,25600,25600,1,298.9711203991906
35,9015,3200,12800,4,663.7283752901429
35,9015,6400,25600,4,731.4388426632584
43,10876,200,400,2,153.67208496568833
45,5610,200,1600,8,166.23572574780457
45,5610,400,3200,8,230.12664417943228
45,5610,800,6400,8,305.2424133051883
43,10876,400,800,2,251.2670735713056
45,5610,1600,12800,8,376.48558751002
45,5610,3200,25600,8,430.37077624024965
43,10876,800,1600,2,398.58313146655655
43,10876,1600,3200,2,577.471353069662
43,10876,3200,6400,2,735.1561579357009
21,5947,200,12800,64,327.75280924670886
43,10876,6400,12800,2,843.3414148651772
21,5947,400,25600,64,387.7885551651921
43,10876,12800,25600,2,907.2206071415378
42,11866,200,12800,64,485.1453705733799
42,11866,400,25600,64,626.9810487512834
50,3484,200,400,2,61.702316207078226
50,3484,400,800,2,91.84493252040738
50,3484,800,1600,2,137.04474057956793
50,3484,1600,3200,2,192.09671771687894
50,3484,3200,6400,2,240.25159677149196
50,3484,6400,12800,2,272.9726069009175
50,3484,12800,25600,2,292.16203422626415
43,10876,200,6400,32,549.6247503018773
28,9052,200,400,2,158.43125414440098
43,10876,400,12800,32,688.1754711441785
28,9052,400,800,2,243.56428964615353
28,9052,800,1600,2,357.4724419196732
43,10876,800,25600,32,804.1095248328908
15,6266,200,400,2,125.78713125688869
19,5916,200,1600,8,267.33269904216905
15,6266,400,800,2,185.93270366762368
28,9052,1600,3200,2,491.6598722391912
19,5916,400,3200,8,340.40837535129816
15,6266,800,1600,2,252.6135178624509
28,9052,200,6400,32,443.8815033330396
19,5916,800,6400,8,401.30412719869406
15,6266,1600,3200,2,329.6119319874541
28,9052,3200,6400,2,614.295904128347
19,5916,1600,12800,8,449.5925469886741
15,6266,3200,6400,2,409.3856002505658
19,5916,3200,25600,8,484.44083878020234
28,9052,400,12800,32,534.1634673355192
15,6266,6400,12800,2,473.09522496322154
28,9052,6400,12800,2,701.653124104378
15,6266,12800,25600,2,514.3789219211246
28,9052,800,25600,32,628.1486006795229
28,9052,12800,25600,2,754.4535151111263
29,7473,200,3200,16,413.78326024361985
29,7473,400,6400,16,475.33003836375053
29,7473,800,12800,16,519.3086765503338
46,5390,200,25600,128,167.66918812970104
29,7473,1600,25600,16,559.4628180142819
22,9846,200,400,2,232.3624945694196
22,9846,400,800,2,383.7537558360258
51,2759,200,200,1,40.493965827555506
51,2759,400,400,1,62.26563599734545
51,2759,800,800,1,92.13800721747356
51,2759,1600,1600,1,129.9631657994699
22,9846,800,1600,2,549.211698725346
51,2759,3200,3200,1,169.66783594304871
51,2759,6400,6400,1,201.77218523035103
51,2759,12800,12800,1,222.80710206818404
51,2759,25600,25600,1,234.93449985850722
22,9846,1600,3200,2,684.8886187242438
22,9846,3200,6400,2,775.0092103587074
37,10586,200,400,2,150.73350411823318
22,9846,6400,12800,2,827.565091656631
37,10586,400,800,2,239.57807171522734
22,9846,12800,25600,2,856.0442086288465
13,8634,200,6400,32,385.74379686358014
37,10586,800,1600,2,366.66597498578506
13,8634,400,12800,32,455.28341846249214
13,8634,800,25600,32,538.3779049105646
37,10586,1600,3200,2,530.0052222331708
37,10586,3200,6400,2,687.2592586013369
37,10586,6400,12800,2,802.0025907894371
37,10586,12800,25600,2,872.1424664673465
46,5390,200,800,4,106.24247222869096
2,8395,200,200,1,101.59366836213023
46,5390,400,1600,4,149.52905148066807
46,5390,800,3200,4,217.27592651708295
2,8395,400,400,1,176.16934935381087
46,5390,1600,6400,4,300.21064679851526
46,5390,3200,12800,4,373.12480143947255
46,5390,6400,25600,4,422.95461376250375
2,8395,800,800,1,283.38652599902804
2,8395,1600,1600,1,412.82982078762103
29,7473,200,800,4,250.6743158881274
2,8395,3200,3200,1,536.3083825716222
29,7473,400,1600,4,350.4810075134906
29,7473,800,3200,4,437.8295668679839
2,8395,6400,6400,1,628.9090872560839
29,7473,1600,6400,4,509.96590328888374
2,8395,12800,12800,1,687.0659806485716
29,7473,3200,12800,4,570.0340906349737
2,8395,25600,25600,1,719.8792456215193
29,7473,6400,25600,4,613.7053254312655
20,5886,200,25600,128,230.27928712124242
51,2759,200,400,2,56.69447775333448
51,2759,400,800,2,81.14818496373911
51,2759,800,1600,2,112.18720337752772
51,2759,1600,3200,2,148.21589603327675
51,2759,3200,6400,2,183.5049777712608
51,2759,6400,12800,2,210.64425444634725
51,2759,12800,25600,2,227.88632183340374
25,8079,200,3200,16,534.1988262014304
25,8079,400,6400,16,617.4764639316486
25,8079,800,12800,16,668.3926510183222
25,8079,1600,25600,16,696.6867043235987
36,10748,200,200,1,99.55313022936907
36,10748,400,400,1,165.7544897771172
44,9084,200,200,1,88.47174187942329
36,10748,800,800,1,276.0079623591416
44,9084,400,400,1,148.67911420629338
36,10748,1600,1600,1,439.7073411383585
44,9084,800,800,1,244.3928981691814
44,9084,1600,1600,1,381.8237229915824
36,10748,3200,3200,1,618.9827972771933
34,12447,200,200,1,107.79223296286226
44,9084,3200,3200,1,530.5425195786792
36,10748,6400,6400,1,762.7710693271821
44,9084,6400,6400,1,649.196513654247
34,12447,400,400,1,183.53605275858737
23,5325,200,200,1,67.76649738757128
36,10748,12800,12800,1,855.8055429868296
44,9084,12800,12800,1,725.8110326439408
23,5325,400,400,1,110.42106260775472
23,5325,800,800,1,166.76904224441134
34,12447,800,800,1,313.1180034130936
23,5325,1600,1600,1,232.7378917792303
44,9084,25600,25600,1,769.5891743924096
23,5325,3200,3200,1,306.2188598940257
36,10748,25600,25600,1,909.0052975430863
23,5325,6400,6400,1,372.683851838294
35,9015,200,1600,8,255.99750703958367
23,5325,12800,12800,1,419.5141350629914
23,5325,25600,25600,1,447.5478475682263
34,12447,1600,1600,1,505.8131380408787
20,5886,200,800,4,149.0202646933551
41,12319,200,12800,64,478.3842041347884
35,9015,400,3200,8,373.2411784125797
20,5886,400,1600,4,194.79255929908368
20,5886,800,3200,4,253.3954214364438
35,9015,800,6400,8,508.5100653612565
20,5886,1600,6400,4,327.76819508159997
34,12447,3200,3200,1,715.2621116936676
20,5886,3200,12800,4,401.4519321647993
41,12319,400,25600,64,593.3523049430654
20,5886,6400,25600,4,456.4112058500511
35,9015,1600,12800,8,626.6676584948306
35,9015,3200,25600,8,708.2031001504736
34,12447,6400,6400,1,882.5508737874201
34,12447,12800,12800,1,990.6627879688813
34,12447,25600,25600,1,1052.4727331764582
41,12319,200,200,1,111.69102842692347
50,3484,200,800,4,81.76626562206171
50,3484,400,1600,4,115.23684233494019
50,3484,800,3200,4,162.95963708981498
41,12319,400,400,1,191.35877641530865
50,3484,1600,6400,4,214.6900203515014
50,3484,3200,12800,4,255.788822378535
50,3484,6400,25600,4,282.16824742710537
41,12319,800,800,1,318.59200973585405
26,7122,200,12800,64,357.8322705908703
26,7122,200,800,4,206.09380955865217
26,7122,400,25600,64,393.5755360117607
26,7122,400,1600,4,275.1881021340571
41,12319,1600,1600,1,501.31535828580354
26,7122,800,3200,4,350.3008815259612
26,7122,1600,6400,4,435.0585443070647
26,7122,3200,12800,4,512.9868163525288
41,12319,3200,3200,1,703.6803083480725
26,7122,6400,25600,4,568.72753402984
41,12319,6400,6400,1,869.1339680737145
41,12319,12800,12800,1,977.5458665878948
41,12319,25600,25600,1,1039.9646766266692
46,5390,200,1600,8,129.05273154732146
46,5390,400,3200,8,174.90704743101722
46,5390,800,6400,8,244.71858169191134
46,5390,1600,12800,8,324.43099795813515
46,5390,3200,25600,8,390.0852543387047
41,12319,200,3200,16,405.5203882883252
13,8634,200,800,4,210.32405062119864
13,8634,400,1600,4,295.0011207218993
41,12319,400,6400,16,527.7452531321042
13,8634,800,3200,4,405.50993296294536
29,7473,200,6400,32,460.4008899924891
29,7473,400,12800,32,503.73033586658465
13,8634,1600,6400,4,525.980226085964
41,12319,800,12800,16,687.593394917123
29,7473,800,25600,32,535.4935764994557
13,8634,3200,12800,4,626.6772939021556
13,8634,6400,25600,4,694.0673085514194
41,12319,1600,25600,16,843.1564518929778
44,9084,200,3200,16,337.575531326281
44,9084,400,6400,16,456.8720882690928
44,9084,800,12800,16,580.5878387679873
44,9084,1600,25600,16,677.8989203822703
23,5325,200,400,2,103.13531800612417
23,5325,400,800,2,153.31919432518362
23,5325,800,1600,2,209.6008301291366
23,5325,1600,3200,2,269.93629036294635
23,5325,3200,6400,2,335.46533456655567
23,5325,6400,12800,2,392.42172618666996
23,5325,12800,25600,2,431.1963731349649
34,12447,200,3200,16,481.79899876548967
34,12447,400,6400,16,666.3212940149812
22,9846,200,12800,64,816.1013860552146
34,12447,800,12800,16,838.01194408328
22,9846,400,25600,64,844.6112262800075
50,3484,200,1600,8,100.152602432376
50,3484,400,3200,8,135.35667153029587
50,3484,800,6400,8,182.8462510407489
50,3484,1600,12800,8,230.2267924286305
50,3484,3200,25600,8,265.76765813371816
34,12447,1600,25600,16,960.8594195578313
2,8395,200,400,2,170.2785869724511
2,8395,400,800,2,270.81126304077435
2,8395,800,1600,2,394.664844957232
2,8395,1600,3200,2,518.7900292807694
2,8395,3200,6400,2,616.3106068474277
2,8395,6400,12800,2,679.4461897137274
2,8395,12800,25600,2,715.6803082171164
29,7473,200,1600,8,341.79988555994674
29,7473,400,3200,8,426.0329978142269
29,7473,800,6400,8,489.36459232520593
29,7473,1600,12800,8,541.9476112904042
29,7473,3200,25600,8,588.8622576868465
20,5886,200,1600,8,181.68028546230366
20,5886,400,3200,8,222.54301731788303
20,5886,800,6400,8,279.114258700987
25,8079,200,6400,32,617.4764639316486
20,5886,1600,12800,8,351.1244648156153
20,5886,3200,25600,8,418.8751805535399
25,8079,400,12800,32,668.3926510183222
25,8079,800,25600,32,696.6867043235987
14,9789,200,3200,16,438.5898718574371
38,10602,200,200,1,97.76703930018031
14,9789,400,6400,16,553.4056192941661
38,10602,400,400,1,169.31986144281248
14,9789,800,12800,16,664.4464598598308
38,10602,800,800,1,289.97831451775755
14,9789,1600,25600,16,752.2434139861929
38,10602,1600,1600,1,460.3734454683735
42,11866,200,25600,128,504.29708811912064
38,10602,3200,3200,1,635.4017453296491
38,10602,6400,6400,1,769.6313872886439
38,10602,12800,12800,1,854.3566630573124
47,6015,200,25600,128,188.1547239722341
38,10602,25600,25600,1,902.1929228741362
51,2759,200,800,4,75.81217338582925
51,2759,400,1600,4,102.14912896376973
51,2759,800,3200,4,131.878882479696
51,2759,1600,6400,4,163.99165200123113
51,2759,3200,12800,4,194.42270081282567
51,2759,6400,25600,4,217.27785015238538
30,7199,200,3200,16,387.89295460700737
30,7199,400,6400,16,474.38281399249763
30,7199,800,12800,16,545.0530958379121
30,7199,1600,25600,16,591.5493552697733
26,7122,200,25600,128,367.01796225887966
44,9084,200,400,2,134.66128502600412
21,5947,200,25600,128,347.698376606111
44,9084,400,800,2,211.83278576405016
44,9084,800,1600,2,327.78447977271094
47,6015,200,800,4,111.00365752099044
26,7122,200,1600,8,265.462476800908
44,9084,1600,3200,2,473.10743900919755
47,6015,400,1600,4,166.9009063032711
26,7122,400,3200,8,327.1134893187588
47,6015,800,3200,4,254.64799821295492
44,9084,3200,6400,2,605.6354053928542
26,7122,800,6400,8,394.3028495980327
47,6015,1600,6400,4,352.17110908927356
47,6015,3200,12800,4,430.37885521194266
26,7122,1600,12800,8,470.3243006062139
29,7473,200,12800,64,487.15654535346835
47,6015,6400,25600,4,480.89430672176815
44,9084,6400,12800,2,698.7205529616938
26,7122,3200,25600,8,537.1275558989743
29,7473,400,25600,64,519.0106343606735
44,9084,12800,25600,2,754.4454265551625
23,5325,200,12800,64,256.74417501489296
23,5325,400,25600,64,279.41138744629075
51,2759,200,1600,8,94.76719097670077
51,2759,400,3200,8,120.32039517111639
51,2759,800,6400,8,146.5056159801731
51,2759,1600,12800,8,174.54024380615127
51,2759,3200,25600,8,201.28584999991213
36,10748,200,400,2,151.47093330634607
36,10748,400,800,2,235.6293332040627
36,10748,800,1600,2,369.9282730836722
30,7199,200,800,4,233.87018673137416
30,7199,400,1600,4,331.0256325563958
36,10748,1600,3200,2,544.3581354176138
30,7199,800,3200,4,434.5422449251682
30,7199,1600,6400,4,520.4387695476986
30,7199,3200,12800,4,577.6748640985148
36,10748,3200,6400,2,706.0963804088112
30,7199,6400,25600,4,610.9684550850776
36,10748,6400,12800,2,820.5657404339822
36,10748,200,800,4,214.93188293312164
36,10748,12800,25600,2,889.3141140298601
36,10748,400,1600,4,319.21766222483984
36,10748,800,3200,4,473.96790488437836
36,10748,1600,6400,4,643.6979872715276
36,10748,3200,12800,4,778.4158907767543
36,10748,6400,25600,4,864.7329465221608
21,5947,200,800,4,128.09956926895794
21,5947,400,1600,4,191.5765393254996
21,5947,800,3200,4,277.80501805603166
21,5947,1600,6400,4,368.0498121610096
21,5947,3200,12800,4,438.2156327538776
40,11730,200,25600,128,517.4706989505863
21,5947,6400,25600,4,482.71611575481126
13,8634,200,1600,8,276.12514311904897
13,8634,400,3200,8,363.41773509829125
13,8634,800,6400,8,467.7722309135276
13,8634,1600,12800,8,573.7184087017287
13,8634,3200,25600,8,657.6372636884815
34,12447,200,400,2,168.00095759158518
44,9084,200,6400,32,394.70328207615466
44,9084,400,12800,32,510.1282291183923
34,12447,400,800,2,272.2797748482716
44,9084,800,25600,32,620.986228658309
3,9047,200,200,1,111.82937560255374
30,7199,200,6400,32,443.11096962429934
3,9047,400,400,1,190.56079423287696
30,7199,400,12800,32,517.9767454983198
34,12447,800,1600,2,439.3011970362453
30,7199,800,25600,32,573.7646150117644
3,9047,800,800,1,299.33578384796846
3,9047,1600,1600,1,433.5916956469532
34,12447,1600,3200,2,647.2996959266372
3,9047,3200,3200,1,567.5160926876812
34,12447,3200,6400,2,832.3074417051782
3,9047,6400,6400,1,670.7506337375007
3,9047,12800,12800,1,736.3926985786657
34,12447,6400,12800,2,959.8627432509912
3,9047,25600,25600,1,773.6268004623986
34,12447,12800,25600,2,1035.3866497986157
27,8996,200,12800,64,553.913774204523
27,8996,400,25600,64,633.1820023370555
22,9846,200,800,4,383.3930578195124
35,9015,200,3200,16,337.3886548196211
22,9846,400,1600,4,547.9084040700723
35,9015,400,6400,16,457.5065629881977
35,9015,800,12800,16,578.9684873860622
22,9846,800,3200,4,682.7526653373488
41,12319,200,400,2,175.5795490159736
35,9015,1600,25600,16,674.6100855307188
22,9846,1600,6400,4,772.9895140077904
22,9846,3200,12800,4,826.1626391635224
41,12319,400,800,2,279.29693259486686
30,7199,200,1600,8,314.9559355911448
22,9846,6400,25600,4,855.2159652872475
30,7199,400,3200,8,409.9041856992636
41,12319,800,1600,2,431.4805481346404
30,7199,800,6400,8,497.9750504656886
30,7199,1600,12800,8,562.4495195398682
41,12319,1600,3200,2,623.6012691515728
30,7199,3200,25600,8,602.1046196560645
41,12319,3200,6400,2,805.2370379839922
47,6015,200,1600,8,137.44295053005425
41,12319,6400,12800,2,936.7178763822727
47,6015,400,3200,8,201.78416090677786
47,6015,800,6400,8,293.9183189880105
47,6015,1600,12800,8,385.13374603333625
47,6015,3200,25600,8,452.3593409377498
41,12319,12800,25600,2,1016.8281298801265
14,9789,200,6400,32,491.038141443664
14,9789,400,12800,32,595.3322932437328
14,9789,800,25600,32,693.6999147567496
41,12319,200,6400,32,450.7499310126988
7,8352,200,200,1,108.76584385557057
7,8352,400,400,1,188.90874878116887
41,12319,400,12800,32,568.5581222029257
7,8352,800,800,1,298.00855518661064
29,7473,200,25600,128,501.5900885605336
7,8352,1600,1600,1,420.19970986921527
41,12319,800,25600,32,723.6046716998163
7,8352,3200,3200,1,535.1663402944118
27,8996,200,800,4,212.0918315831782
7,8352,6400,6400,1,624.2153426104574
27,8996,400,1600,4,327.81768749014714
7,8352,12800,12800,1,681.9124808990464
34,12447,200,6400,32,584.2814852371826
27,8996,800,3200,4,463.8131291994256
7,8352,25600,25600,1,715.0965343824071
38,10602,200,400,2,151.8079281097999
27,8996,1600,6400,4,588.4656976269971
34,12447,400,12800,32,755.1420481340308
27,8996,3200,12800,4,681.1237665457933
38,10602,400,800,2,248.373692352281
27,8996,6400,25600,4,739.7517593824721
38,10602,800,1600,2,397.9711244559157
34,12447,800,25600,32,900.2005169674188
21,5947,200,1600,8,183.97981437743434
21,5947,400,3200,8,259.2343820969065
38,10602,1600,3200,2,574.7703227487419
21,5947,800,6400,8,345.86050318881996
21,5947,1600,12800,8,420.961176738473
21,5947,3200,25600,8,471.9538393876841
38,10602,3200,6400,2,725.922073225909
38,10602,6400,12800,2,827.882367224418
38,10602,12800,25600,2,887.59138235812
28,9052,200,800,4,234.46344432756527
28,9052,400,1600,4,333.04239916767256
28,9052,800,3200,4,453.7533788224465
28,9052,1600,6400,4,577.5199529944916
28,9052,3200,12800,4,675.4190751266492
28,9052,6400,25600,4,738.6993049658568
31,8858,200,3200,16,294.76595952516135
31,8858,400,6400,16,386.13009840307944
31,8858,800,12800,16,503.01822326627763
31,8858,1600,25600,16,613.5364845574566
22,9846,200,25600,128,842.8842738514786
16,8403,200,3200,16,451.7014364838376
16,8403,400,6400,16,526.7740198122127
16,8403,800,12800,16,583.4850152536161
16,8403,1600,25600,16,632.6805759206785
7,8352,200,400,2,185.7131698549397
7,8352,400,800,2,291.6379676552453
7,8352,800,1600,2,405.522536601078
42,11866,200,800,4,242.97833083525686
7,8352,1600,3200,2,511.0926843312704
7,8352,3200,6400,2,600.5657810090021
42,11866,400,1600,4,367.4259864445694
7,8352,6400,12800,2,665.1714567791165
7,8352,12800,25600,2,705.1286738030926
42,11866,800,3200,4,539.6216072929558
42,11866,1600,6400,4,721.1472287625313
41,12319,200,25600,128,494.15313506501747
13,8634,200,12800,64,418.1727153579026
13,8634,400,25600,64,477.8750839196469
42,11866,3200,12800,4,864.6233354362206
36,10748,200,1600,8,284.09798696353465
36,10748,400,3200,8,404.5723950180052
42,11866,6400,25600,4,957.1075243659321
14,9789,200,800,4,271.3450066124754
14,9789,400,1600,4,393.19547977652235
36,10748,800,6400,8,564.6791555305108
14,9789,800,3200,4,533.8184445815161
36,10748,1600,12800,8,716.9885465511737
14,9789,1600,6400,4,662.8539338646893
36,10748,3200,25600,8,826.1793837971409
14,9789,3200,12800,4,756.5799816361015
14,9789,6400,25600,4,814.228077075899
16,8403,200,12800,64,565.1140070047069
16,8403,400,25600,64,595.1027648139866
28,9052,200,12800,64,479.14753516972445
28,9052,400,25600,64,562.1306671034952
3,9047,200,400,2,188.74199038093906
3,9047,400,800,2,287.16559796746134
31,8858,200,800,4,191.83334135678865
3,9047,800,1600,2,400.63124274296575
31,8858,400,1600,4,272.9219995374225
3,9047,1600,3200,2,524.2063270418198
35,9015,200,6400,32,407.810069241604
31,8858,800,3200,4,387.4951938853849
3,9047,3200,6400,2,634.342080755321
35,9015,400,12800,32,518.061877523992
14,9789,200,12800,64,522.2597142155133
31,8858,1600,6400,4,519.7726388611475
3,9047,6400,12800,2,712.555432924044
35,9015,800,25600,32,623.1773146553153
14,9789,400,25600,64,618.6501429748824
15,6266,200,3200,16,272.45161558591826
31,8858,3200,12800,4,631.4495647592613
32,10069,200,800,4,213.87466782134865
15,6266,400,6400,16,312.3121085603568
3,9047,12800,25600,2,759.9541760304605
15,6266,800,12800,16,362.2885933101321
31,8858,6400,25600,4,705.943644650334
32,10069,400,1600,4,338.0739352290761
15,6266,1600,25600,16,422.22643013469764
32,10069,800,3200,4,500.1128965328616
32,10069,1600,6400,4,652.6286777191108
32,10069,3200,12800,4,762.5416690243771
27,8996,200,25600,128,591.724854883266
32,10069,6400,25600,4,829.4458661136705
24,8608,200,200,1,115.33205284415658
24,8608,400,400,1,208.7256786080161
24,8608,800,800,1,343.3658019334205
24,8608,1600,1600,1,488.8540853842017
24,8608,3200,3200,1,606.0243562703452
24,8608,6400,6400,1,682.4156695638047
24,8608,12800,12800,1,726.3454505011243
24,8608,25600,25600,1,749.9446650322284
27,8996,200,1600,8,303.61079196742514
39,9909,200,800,4,191.1006905579814
22,9846,200,1600,8,547.2910133246799
27,8996,400,3200,8,431.036048147613
27,8996,800,6400,8,553.4799075057691
39,9909,400,1600,4,303.05821592941203
22,9846,400,3200,8,680.7595650992756
27,8996,1600,12800,8,651.6377113777244
39,9909,800,3200,4,456.4912623484553
22,9846,800,6400,8,770.2961033621173
27,8996,3200,25600,8,719.7384893626031
37,10586,200,800,4,224.75449007747426
39,9909,1600,6400,4,611.5369667224071
22,9846,1600,12800,8,823.917821072734
37,10586,400,1600,4,325.78734752640503
39,9909,3200,12800,4,729.7593267469673
22,9846,3200,25600,8,853.7624013700793
39,9909,6400,25600,4,804.2124539315602
37,10586,800,3200,4,462.3415867447508
37,10586,1600,6400,4,620.2342154885334
37,10586,3200,12800,4,754.0342184568665
37,10586,6400,25600,4,843.3503313227365
31,8858,200,6400,32,326.7672140036597
16,8403,200,6400,32,521.628880795518
31,8858,400,12800,32,417.5011570988009
16,8403,400,12800,32,570.306865125878
31,8858,800,25600,32,530.6110158276367
16,8403,800,25600,32,608.8914963202187
32,10069,200,12800,64,491.8270657277749
32,10069,400,25600,64,632.8501017182479
8,7418,200,200,1,82.65328564055858
8,7418,400,400,1,132.2347866834668
8,7418,800,800,1,211.00647582516578
28,9052,200,1600,8,315.70113721599023
8,7418,1600,1600,1,325.4203701479717
8,7418,3200,3200,1,445.7800908996286
28,9052,400,3200,8,417.2644668695519
8,7418,6400,6400,1,538.9628931877692
28,9052,800,6400,8,533.3970018453848
8,7418,12800,12800,1,597.9776891974984
8,7418,25600,25600,1,631.3394628073896
28,9052,1600,12800,8,639.2970665244301
28,9052,3200,25600,8,715.2518630631839
43,10876,200,12800,64,617.7100382566136
43,10876,400,25600,64,740.9664347635119
24,8608,200,12800,64,724.0585404665429
30,7199,200,12800,64,478.1419774323628
24,8608,400,25600,64,748.7308836662861
30,7199,400,25600,64,543.1853028670315
16,8403,200,25600,128,589.8021394013371
13,8634,200,25600,128,436.9262721333796
24,8608,200,25600,128,748.7308836662861
15,6266,200,12800,64,313.80904961137617
15,6266,400,25600,64,339.7618893659428
23,5325,200,800,4,146.4947354418391
23,5325,400,1600,4,197.42876816794978
17,6664,200,12800,64,374.73506257637683
23,5325,800,3200,4,247.1662820026407
1,6448,200,800,4,169.782316274718
23,5325,1600,6400,4,300.0632648719897
17,6664,400,25600,64,410.8387436716017
1,6448,400,1600,4,246.87977969218488
23,5325,3200,12800,4,358.2263404164236
23,5325,6400,25600,4,407.31971206940335
1,6448,800,3200,4,338.7074940543213
1,6448,1600,6400,4,425.2952754129491
1,6448,3200,12800,4,490.3487825778976
1,6448,6400,25600,4,531.4877495784596
24,8608,200,400,2,206.12645851182023
24,8608,400,800,2,339.54873489789276
24,8608,800,1600,2,485.13295107745137
15,6266,200,6400,32,298.783023874996
15,6266,400,12800,32,330.0652785932602
24,8608,1600,3200,2,603.3301923035599
15,6266,800,25600,32,375.59218278580124
24,8608,3200,6400,2,680.78015347681
24,8608,6400,12800,2,725.4424528039771
24,8608,12800,25600,2,749.4699705189877
31,8858,200,1600,8,248.27926975113056
31,8858,400,3200,8,337.2728809940005
14,9789,200,1600,8,362.3628825578318
31,8858,800,6400,8,456.5822192433916
31,8858,1600,12800,8,578.2696760062622
14,9789,400,3200,8,485.5843357090038
31,8858,3200,25600,8,670.9967617908495
14,9789,800,6400,8,613.0444117498063
14,9789,200,25600,128,539.3740683485471
14,9789,1600,12800,8,718.8604721982399
14,9789,3200,25600,8,790.684672383632
17,6664,200,3200,16,315.43711087345
17,6664,400,6400,16,371.63409759156497
17,6664,800,12800,16,432.5453799221688
17,6664,1600,25600,16,491.3945485279736
36,10748,200,3200,16,348.73730680668655
23,5325,200,25600,128,263.8135891465525
32,10069,200,1600,8,295.971701566848
36,10748,400,6400,16,475.9261027773557
1,6448,200,3200,16,292.70460833373494
1,6448,400,6400,16,373.5551060550153
32,10069,400,3200,8,443.3345752880915
1,6448,800,12800,16,445.72009848351536
36,10748,800,12800,16,630.5595871030409
33,11482,200,800,4,236.18005399235338
1,6448,1600,25600,16,500.2966475540323
32,10069,800,6400,8,601.4527973990871
36,10748,1600,25600,16,764.7439371012241
33,11482,400,1600,4,351.42510754713925
32,10069,1600,12800,8,727.1762978807753
32,10069,3200,25600,8,808.4902133275381
33,11482,800,3200,4,514.0019965820975
42,11866,200,1600,8,324.2767454314096
33,11482,1600,6400,4,691.5142166130908
33,11482,3200,12800,4,833.2884653065638
42,11866,400,3200,8,464.61331924168
33,11482,6400,25600,4,924.5433290017361
42,11866,800,6400,8,638.2934051287364
25,8079,200,12800,64,668.3926510183222
42,11866,1600,12800,8,798.9300776785948
25,8079,400,25600,64,696.6867043235987
8,7418,200,400,2,124.27063709154118
42,11866,3200,25600,8,914.8564088657848
8,7418,400,800,2,184.0110613265041
8,7418,800,1600,2,275.9996867737427
39,9909,200,1600,8,264.71875892647967
8,7418,1600,3200,2,393.44892974243834
8,7418,3200,6400,2,499.8362400759298
39,9909,400,3200,8,398.4436467324423
8,7418,6400,12800,2,573.8843343221241
8,7418,12800,25600,2,617.9460713025143
39,9909,800,6400,8,553.6907882887527
23,5325,200,1600,8,188.7555425678771
23,5325,400,3200,8,232.76866385323964
39,9909,1600,12800,8,687.0782066016194
23,5325,800,6400,8,273.823312509589
23,5325,1600,12800,8,320.640049791198
23,5325,3200,25600,8,373.44938061753766
39,9909,3200,25600,8,777.9727046661862
25,8079,200,25600,128,696.6867043235987
16,8403,200,200,1,97.45853504045255
16,8403,400,400,1,166.04548309986535
16,8403,800,800,1,266.5813645308557
16,8403,1600,1600,1,392.17748042506855
16,8403,3200,3200,1,517.4123352577855
25,8079,200,200,1,106.19624339055521
16,8403,6400,6400,1,615.7129322754657
25,8079,400,400,1,185.56163236915307
25,8079,800,800,1,298.34032165930455
16,8403,12800,12800,1,679.4136360012429
31,8858,200,12800,64,346.02581206005794
25,8079,1600,1600,1,427.5919232428772
16,8403,25600,25600,1,715.9972843720593
31,8858,400,25600,64,435.5821558155394
25,8079,3200,3200,1,542.0323875251385
25,8079,6400,6400,1,622.7076855445098
25,8079,12800,12800,1,671.4293528374981
25,8079,25600,25600,1,698.3244967521151
18,7020,200,12800,64,371.5895837108267
18,7020,400,25600,64,448.4973751966718
15,6266,200,25600,128,321.8395535338606
37,10586,200,1600,8,302.7301948372035
44,9084,200,12800,64,436.69950904836327
4,6375,200,200,1,91.90995606832347
37,10586,400,3200,8,403.43324614479656
44,9084,400,25600,64,545.8828328758675
4,6375,400,400,1,155.50493064800295
4,6375,800,800,1,239.00278409128808
37,10586,800,6400,8,539.4639610943148
4,6375,1600,1600,1,333.8887348450011
4,6375,3200,3200,1,422.1851825921935
4,6375,6400,6400,1,487.0936013410476
1,6448,200,1600,8,232.18132481181678
37,10586,1600,12800,8,684.2460745174734
4,6375,12800,12800,1,527.2036046547198
1,6448,400,3200,8,317.12050961240675
4,6375,25600,25600,1,549.5994463069751
1,6448,800,6400,8,402.48128290007315
37,10586,3200,25600,8,797.1029935416351
1,6448,1600,12800,8,471.99765782986714
32,10069,200,25600,128,518.8696015280743
1,6448,3200,25600,8,519.4670636561274
30,7199,200,25600,128,498.09982039468605
17,6664,200,6400,32,352.71331837946315
17,6664,400,12800,32,396.8023160609896
17,6664,800,25600,32,449.4605994585124
28,9052,200,25600,128,499.3566403014629
15,6266,200,800,4,179.50955000020846
15,6266,400,1600,4,239.07895625525677
15,6266,800,3200,4,301.98467866418054
15,6266,1600,6400,4,374.04546762346706
15,6266,3200,12800,4,443.08139933985404
15,6266,6400,25600,4,494.56024968843207
1,6448,200,6400,32,338.879414932117
1,6448,400,12800,32,410.4833779290888
1,6448,800,25600,32,471.0917052924106
4,6375,200,3200,16,401.4323969642581
4,6375,400,6400,16,472.56993728573593
24,8608,200,800,4,338.1354593884013
4,6375,800,12800,16,518.5789431455601
24,8608,400,1600,4,483.50905862270247
4,6375,1600,25600,16,544.8960912595633
24,8608,800,3200,4,602.0344245330161
24,8608,1600,6400,4,679.9519440622956
24,8608,3200,12800,4,724.9729820473232
24,8608,6400,25600,4,749.2198751863995
9,6234,200,200,1,73.42751371167664
4,6375,200,800,4,229.8230060258409
9,6234,400,400,1,126.00336165242219
4,6375,400,1600,4,321.8569726852664
9,6234,800,800,1,208.00944031878797
4,6375,800,3200,4,411.23860238058955
17,6664,200,25600,128,386.7434128760013
9,6234,1600,1600,1,309.9645920780519
4,6375,1600,6400,4,479.5385145067653
9,6234,3200,3200,1,404.2731055517381
4,6375,3200,12800,4,522.7483047030606
9,6234,6400,6400,1,472.1251821829424
4,6375,6400,25600,4,547.1785206283364
9,6234,12800,12800,1,513.4939189859631
9,6234,25600,25600,1,536.4342802885853
16,8403,200,400,2,160.16361499398417
16,8403,400,800,2,253.51113992402904
16,8403,800,1600,2,368.6476991944743
16,8403,1600,3200,2,485.3725301365121
4,6375,200,400,2,152.55366704391358
25,8079,200,400,2,182.58878715127142
16,8403,3200,6400,2,585.8240987486822
4,6375,400,800,2,233.35582166588176
25,8079,400,800,2,292.3741389471267
4,6375,800,1600,2,325.48395880421356
16,8403,6400,12800,2,658.4560527788436
4,6375,1600,3200,2,413.9965447806432
25,8079,800,1600,2,420.08453608690314
4,6375,3200,6400,2,481.27579603563834
16,8403,12800,25600,2,703.5251333659261
25,8079,1600,3200,2,535.5519666512424
4,6375,6400,12800,2,523.7290486619066
4,6375,12800,25600,2,547.7003584835617
35,9015,200,12800,64,456.5476848601218
2,8395,200,800,4,265.09596786337966
25,8079,3200,6400,2,618.3551182411444
25,8079,6400,12800,2,668.8939320704095
2,8395,400,1600,4,384.32767618386725
35,9015,400,25600,64,555.1577657447779
25,8079,12800,25600,2,696.9545127989601
2,8395,800,3200,4,506.47004035254355
2,8395,1600,6400,4,605.8867584552025
2,8395,3200,12800,4,672.4708323344099
36,10748,200,6400,32,398.9375719553911
2,8395,6400,25600,4,711.6147962139024
36,10748,400,12800,32,526.6968549581661
36,10748,800,25600,32,673.5570794126052
24,8608,200,1600,8,482.5136324089618
24,8608,400,3200,8,601.2382074165345
24,8608,800,6400,8,679.4439864722643
24,8608,1600,12800,8,724.6855093267742
24,8608,3200,25600,8,749.0668797748825
5,7707,200,800,4,207.02179220907436
5,7707,400,1600,4,309.8978406130781
18,7020,200,3200,16,316.03492308696394
5,7707,800,3200,4,427.6322120472569
18,7020,400,6400,16,402.4138989776836
43,10876,200,800,4,236.20528294496344
18,7020,800,12800,16,486.8663054502451
5,7707,1600,6400,4,530.6323841643921
18,7020,1600,25600,16,549.152069698444
5,7707,3200,12800,4,602.2324968756847
5,7707,6400,25600,4,645.057909962262
43,10876,400,1600,4,364.71746337585097
33,11482,200,1600,8,320.9290119222917
43,10876,800,3200,4,532.8436138532002
33,11482,400,3200,8,451.2668887067863
43,10876,1600,6400,4,697.2143631739194
33,11482,800,6400,8,617.5814706411455
34,12447,200,800,4,252.8336310309127
33,11482,1600,12800,8,774.9196527970703
43,10876,3200,12800,4,818.3579254118945
17,6664,200,200,1,84.83698373167645
33,11482,3200,25600,8,887.6617177200231
4,6375,200,6400,32,465.8562495368652
43,10876,6400,25600,4,892.8516875989403
17,6664,400,400,1,141.24062553516555
34,12447,400,1600,4,396.7905484588851
4,6375,400,12800,32,514.0254914402796
17,6664,800,800,1,222.67631034183992
4,6375,800,25600,32,542.2453264785131
17,6664,1600,1600,1,324.30488121319166
17,6664,3200,3200,1,423.0673079032242
34,12447,800,3200,4,594.5442573778504
17,6664,6400,6400,1,497.6085974547191
17,6664,12800,12800,1,544.5079161536042
17,6664,25600,25600,1,570.9804826196294
34,12447,1600,6400,4,788.7553296244521
15,6266,200,1600,8,231.66568460807264
43,10876,200,25600,128,658.8764523830373
37,10586,200,12800,64,435.1723217696457
15,6266,400,3200,8,282.5190995066408
9,6234,200,400,2,113.58998655346132
40,11730,200,800,4,235.82585462635555
15,6266,800,6400,8,338.90050846391745
9,6234,400,800,2,183.30454191185174
15,6266,1600,12800,8,404.4248206847562
9,6234,800,1600,2,278.421137467944
34,12447,3200,12800,4,931.5624907776581
37,10586,400,25600,64,517.3530474918751
15,6266,3200,25600,8,464.6672997439305
9,6234,1600,3200,2,376.6459710345052
9,6234,3200,6400,2,453.3584437014335
40,11730,400,1600,4,341.5804532977449
4,6375,200,1600,8,317.1612567219002
9,6234,6400,12800,2,502.48387375988847
2,8395,200,3200,16,489.0485854037024
4,6375,400,3200,8,407.25043703382795
9,6234,12800,25600,2,530.4612976260378
34,12447,6400,25600,4,1019.2112599107696
4,6375,800,6400,8,476.9043470530581
2,8395,400,6400,16,584.6890240031308
4,6375,1600,12800,8,521.2289982951763
40,11730,800,3200,4,501.31618890684564
4,6375,3200,25600,8,546.3618638909028
2,8395,800,12800,16,653.6005762803991
2,8395,1600,25600,16,698.150062014536
40,11730,1600,6400,4,684.9258384349572
40,11730,3200,12800,4,836.381346157619
38,10602,200,800,4,224.306829063992
40,11730,6400,25600,4,935.6849810446444
38,10602,400,1600,4,348.360864797858
38,10602,800,3200,4,515.4187762129645
38,10602,1600,6400,4,677.5553346794868
38,10602,3200,12800,4,796.5490051222008
38,10602,6400,25600,4,869.6895445820466
4,6375,200,12800,64,506.83047659105387
4,6375,400,25600,64,537.644576543657
44,9084,200,800,4,195.1548622520965
44,9084,400,1600,4,292.5025222275097
44,9084,800,3200,4,425.13698923679885
25,8079,200,800,4,291.24032502289936
31,8858,200,25600,128,356.7894758011948
44,9084,200,25600,128,462.5509973741729
41,12319,200,800,4,256.63675409012774
25,8079,400,1600,4,418.57736868959
44,9084,1600,6400,4,562.8159047843928
25,8079,800,3200,4,534.2885006225914
6,7646,200,200,1,99.0338797423028
44,9084,3200,12800,4,669.5077758345632
41,12319,400,1600,4,377.64112027543837
25,8079,1600,6400,4,617.5316474605694
6,7646,400,400,1,174.62633123913344
6,7646,200,800,4,258.60591178098076
6,7646,800,800,1,284.3231657416832
25,8079,3200,12800,4,668.4231246003412
44,9084,6400,25600,4,737.2877614476536
6,7646,400,1600,4,369.73203083612674
5,7707,200,200,1,87.0711550884743
6,7646,1600,1600,1,408.7862823710198
41,12319,800,3200,4,542.8081664585986
25,8079,6400,25600,4,696.7026970584358
6,7646,800,3200,4,474.2363256486728
5,7707,400,400,1,149.35636923248538
6,7646,3200,3200,1,516.7236068730858
6,7646,1600,6400,4,557.4216435870835
5,7707,800,800,1,246.05450905669844
6,7646,6400,6400,1,591.8054188135657
6,7646,3200,12800,4,614.3379003656497
41,12319,1600,6400,4,727.2137398367806
5,7707,1600,1600,1,369.6269578316578
6,7646,12800,12800,1,636.8567873035421
17,6664,200,400,2,134.75112589462395
6,7646,6400,25600,4,648.6633273524207
6,7646,25600,25600,1,661.6516997420538
5,7707,3200,3200,1,488.51252140654094
17,6664,400,800,2,204.98310003968953
17,6664,800,1600,2,293.1971180675839
5,7707,6400,6400,1,576.3299964600656
41,12319,3200,12800,4,881.024002347456
17,6664,1600,3200,2,388.80068149569047
5,7707,12800,12800,1,630.6213397978008
17,6664,3200,6400,2,470.86995845689717
5,7707,25600,25600,1,660.9371964988353
17,6664,6400,12800,2,527.5821701866016
17,6664,12800,25600,2,561.4264662051091
41,12319,6400,25600,4,983.3530162787421
3,9047,200,800,4,283.9982899610505
7,8352,200,800,4,289.84535862899486
3,9047,400,1600,4,381.0756671653133
7,8352,400,1600,4,400.8754885217501
3,9047,800,3200,4,483.5759965612256
7,8352,800,3200,4,495.8267704275156
3,9047,1600,6400,4,589.6544600385249
7,8352,1600,6400,4,576.8347091199796
3,9047,3200,12800,4,678.4297931297717
7,8352,3200,12800,4,643.9861441413549
3,9047,6400,25600,4,738.6816986245118
2,8395,200,1600,8,378.148544858799
7,8352,6400,25600,4,691.012056366347
2,8395,400,3200,8,496.809037912293
18,7020,200,25600,128,383.45421737548895
2,8395,800,6400,8,595.580164976256
2,8395,1600,12800,8,664.2169494752478
2,8395,3200,25600,8,706.2284596034463
18,7020,200,6400,32,350.4353397151631
18,7020,400,12800,32,431.3995276333946
18,7020,800,25600,32,507.5635523338495
5,7707,200,1600,8,291.6939862957078
5,7707,400,3200,8,402.06130058213523
5,7707,800,6400,8,505.6421197106032
36,10748,200,12800,64,431.6913188737628
5,7707,1600,12800,8,583.6583759628581
5,7707,3200,25600,8,633.5370842354857
36,10748,400,25600,64,557.4305519896835
2,8395,200,6400,32,574.7409388102747
2,8395,400,12800,32,641.3761183913075
2,8395,800,25600,32,687.0512159781258
5,7707,200,3200,16,373.4106975514583
37,10586,200,3200,16,366.17607013482944
5,7707,400,6400,16,474.20623127955497
5,7707,800,12800,16,556.7248263590596
37,10586,400,6400,16,460.24351991932735
3,9047,200,1600,8,374.2938390686757
5,7707,1600,25600,16,614.7553926567413
37,10586,800,12800,16,590.9020074021649
3,9047,400,3200,8,453.73829794050624
37,10586,1600,25600,16,723.276209102878
3,9047,800,6400,8,540.9225280628572
3,9047,1600,12800,8,632.1352661751116
7,8352,200,1600,8,400.506555481479
3,9047,3200,25600,8,706.1213520600699
7,8352,400,3200,8,490.46104207579987
4,6375,200,25600,128,530.0276463692938
6,7646,200,1600,8,355.7979763136401
7,8352,800,6400,8,557.4526033911178
25,8079,200,1600,8,418.4621803413078
6,7646,400,3200,8,453.6021399244333
7,8352,1600,12800,8,617.3802415419759
25,8079,400,3200,8,534.1988262014304
6,7646,800,6400,8,534.6459885330912
7,8352,3200,25600,8,669.1422068325272
6,7646,1600,12800,8,595.7539748078507
25,8079,800,6400,8,617.4764639316486
6,7646,3200,25600,8,636.4802380163262
25,8079,1600,12800,8,668.3926510183222
25,8079,3200,25600,8,696.6867043235987
16,8403,200,800,4,249.610535560103
16,8403,400,1600,4,359.4950918871921
16,8403,800,3200,4,466.67734053979285
16,8403,1600,6400,4,559.0533546399815
16,8403,3200,12800,4,633.6082376419225
16,8403,6400,25600,4,686.3131082437608
18,7020,200,200,1,87.78675668583311
18,7020,400,400,1,147.88830052099183
18,7020,800,800,1,238.84246732190326
18,7020,1600,1600,1,352.5601078086906
18,7020,3200,3200,1,457.9727920214479
37,10586,200,25600,128,449.569352422935
18,7020,6400,6400,1,533.488089463394
18,7020,12800,12800,1,579.3206070759545
18,7020,25600,25600,1,604.6605933845888
38,10602,200,12800,64,484.92091580776435
17,6664,200,800,4,196.55593892356453
38,10602,400,25600,64,622.5300813798297
17,6664,400,1600,4,272.0692398108508
17,6664,800,3200,4,356.203012723309
17,6664,1600,6400,4,438.82547594774275
17,6664,3200,12800,4,504.4026782706212
17,6664,6400,25600,4,547.378987637578
43,10876,200,1600,8,341.2122627171088
43,10876,400,3200,8,490.4798523368964
33,11482,200,12800,64,509.24377695014925
43,10876,800,6400,8,653.4210908600672
33,11482,400,25600,64,634.6464562794547
43,10876,1600,12800,8,786.4474725288177
1,6448,200,12800,64,368.1055867765803
1,6448,400,25600,64,431.70109609649256
43,10876,3200,25600,8,873.5427792353084
6,7646,200,400,2,167.06415016520438
6,7646,400,800,2,269.31783316789915
33,11482,200,25600,128,533.5859177049379
6,7646,800,1600,2,387.80504635745604
6,7646,1600,3200,2,496.16963782905424
6,7646,3200,6400,2,576.66619341793
6,7646,6400,12800,2,627.5439352306893
6,7646,12800,25600,2,656.4693448625395
5,7707,200,400,2,137.24207736974301
44,9084,200,1600,8,266.58075740912784
7,8352,200,3200,16,489.9121455634064
38,10602,200,1600,8,306.93576364778414
5,7707,400,800,2,219.9358733929106
7,8352,400,6400,16,549.5060140190036
44,9084,400,3200,8,380.50720014746906
5,7707,800,1600,2,333.17741375410037
38,10602,400,3200,8,450.3647028937036
7,8352,800,12800,16,593.5460918436721
5,7707,1600,3200,2,454.5350651112457
44,9084,800,6400,8,514.8301108325396
7,8352,1600,25600,16,639.6537256114602
5,7707,3200,6400,2,552.4691723252057
44,9084,1600,12800,8,632.6423577151163
38,10602,800,6400,8,614.2262484369144
5,7707,6400,12800,2,616.3887370489763
44,9084,3200,25600,8,714.0883224043745
34,12447,200,1600,8,362.1942029154171
5,7707,12800,25600,2,653.1523853375561
38,10602,1600,12800,8,751.0032428376577
34,12447,400,3200,8,540.0326094533045
38,10602,3200,25600,8,842.1429953610896
40,11730,200,1600,8,313.02671961584736
34,12447,800,6400,8,736.6190947983373
40,11730,400,3200,8,434.5083354010145
34,12447,1600,12800,8,894.8386788410984
40,11730,800,6400,8,602.4376839425294
40,11730,1600,12800,8,769.4234339393507
34,12447,3200,25600,8,997.3196386255046
10,8756,200,200,1,90.27129607927706
40,11730,3200,25600,8,892.753688111989
10,8756,400,400,1,147.26393606832727
10,8756,800,800,1,230.76449417691367
10,8756,1600,1600,1,350.0563767101093
10,8756,3200,3200,1,490.1169179536113
10,8756,6400,6400,1,609.7064293032541
10,8756,12800,12800,1,689.7911861601588
10,8756,25600,25600,1,736.3819253035222
6,7646,200,3200,16,439.05404693761335
17,6664,200,1600,8,260.83073921165
17,6664,400,3200,8,330.07684221480474
16,8403,200,1600,8,355.19876337283824
6,7646,400,6400,16,513.818748438794
17,6664,800,6400,8,402.797355245638
6,7646,800,12800,16,573.5434529726216
18,7020,200,800,4,202.62781717211482
16,8403,400,3200,8,456.4475966146107
17,6664,1600,12800,8,471.7799430098013
35,9015,200,25600,128,486.2596790916721
18,7020,400,1600,4,291.28262141312484
6,7646,1600,25600,16,618.9325298226717
17,6664,3200,25600,8,524.9156936989095
16,8403,800,6400,8,538.6456345791522
38,10602,200,3200,16,385.3064937667546
18,7020,800,3200,4,395.7382128627862
8,7418,200,800,4,171.85853948007872
18,7020,1600,6400,4,487.9492519824545
16,8403,1600,12800,8,605.9449688897491
8,7418,400,1600,4,241.903388891504
34,12447,200,25600,128,699.0221898332096
18,7020,3200,12800,4,551.5989040117278
38,10602,400,6400,16,533.4278677087188
16,8403,3200,25600,8,661.6379073575109
8,7418,800,3200,4,343.8814763734907
18,7020,6400,25600,4,589.3429514848619
8,7418,1600,6400,4,454.9632771365903
38,10602,800,12800,16,682.5856474747491
8,7418,3200,12800,4,543.2315585581948
7,8352,200,12800,64,582.6941898781267
8,7418,6400,25600,4,599.9659526140507
7,8352,400,25600,64,602.1769171758635
38,10602,1600,25600,16,796.5630027393017
5,7707,200,6400,32,435.34399978260694
7,8352,200,6400,32,548.6809468656959
5,7707,400,12800,32,520.4767922900459
7,8352,400,12800,32,583.7161351087401
18,7020,200,1600,8,265.42591722066635
5,7707,800,25600,32,586.0517874175363
7,8352,800,25600,32,613.137068059324
18,7020,400,3200,8,356.20124790216937
18,7020,800,6400,8,451.57259652059
18,7020,1600,12800,8,526.6107127979478
18,7020,3200,25600,8,574.6539091207004
18,7020,200,400,2,139.76312111311836
18,7020,400,800,2,216.88636444205264
18,7020,800,1600,2,320.4598664280131
18,7020,1600,3200,2,428.5407893901148
3,9047,200,3200,16,442.24160574422405
18,7020,3200,6400,2,513.214091963297
18,7020,6400,12800,2,567.3737661134991
1,6448,200,25600,128,384.67645711507777
3,9047,400,6400,16,500.96198723376824
18,7020,12800,25600,2,598.1694522682192
3,9047,800,12800,16,575.0923049296249
41,12319,200,1600,8,338.8686385229307
3,9047,1600,25600,16,655.9489222187101
10,8756,200,3200,16,329.0831468663618
41,12319,400,3200,8,464.4587741885959
10,8756,400,6400,16,401.19801216362043
10,8756,800,12800,16,494.94050136995565
41,12319,800,6400,8,629.4339011534232
10,8756,1600,25600,16,596.10855986248
41,12319,1600,12800,8,798.5267714327435
41,12319,3200,25600,8,928.901757791445
6,7646,200,6400,32,496.47727494424544
6,7646,400,12800,32,550.7018827974222
6,7646,800,25600,32,595.9134355313925
37,10586,200,6400,32,409.11700517585535
37,10586,400,12800,32,496.29301440629996
37,10586,800,25600,32,621.6442763772754
9,6234,200,800,4,168.34717280211802
9,6234,400,1600,4,253.82985671446434
9,6234,800,3200,4,351.28192810072835
9,6234,1600,6400,4,434.5179724312989
9,6234,3200,12800,4,490.91585333687465
9,6234,6400,25600,4,524.0410222648602
7,8352,200,25600,128,601.0366241212087
12,5669,200,200,1,68.31439629054012
12,5669,400,400,1,114.57533388974245
12,5669,800,800,1,183.8802163244561
12,5669,1600,1600,1,269.9477399708386
12,5669,3200,3200,1,354.54896620264054
12,5669,6400,6400,1,419.56980188156564
12,5669,12800,12800,1,460.9817249286851
12,5669,25600,25600,1,484.5122303288674
36,10748,200,25600,128,450.9038264641207
11,7451,200,200,1,77.71094891937571
11,7451,200,12800,64,310.51560826415977
11,7451,400,400,1,127.62292843984535
11,7451,400,25600,64,392.9239305794715
38,10602,200,6400,32,445.7750951280856
11,7451,800,800,1,208.2149042358998
11,7451,1600,1600,1,321.22534125359294
38,10602,400,12800,32,589.292094225014
11,7451,3200,3200,1,440.8932673572141
11,7451,6400,6400,1,535.855220164959
38,10602,800,25600,32,723.8670313651381
11,7451,12800,12800,1,597.1491171625477
38,10602,200,25600,128,507.40981707115014
11,7451,25600,25600,1,632.184591228805
10,8756,200,400,2,140.07985546759144
10,8756,200,12800,64,395.73798199758346
10,8756,400,800,2,210.24019908628213
5,7707,200,12800,64,474.2374828348205
10,8756,400,25600,64,453.16527596600093
10,8756,200,800,4,203.2500824623113
5,7707,400,25600,64,546.7016885157766
10,8756,800,1600,2,304.6235924652695
10,8756,400,1600,4,282.1683288670204
10,8756,1600,3200,2,429.46754595548464
10,8756,800,3200,4,383.30103163995466
10,8756,3200,6400,2,557.9429888569156
10,8756,1600,6400,4,505.1486015428788
10,8756,6400,12800,2,655.7566050491694
10,8756,3200,12800,4,615.1286213292748
10,8756,12800,25600,2,716.8450242498168
10,8756,6400,25600,4,691.5784809039702
9,6234,200,3200,16,290.7753393460701
8,7418,200,3200,16,260.6149797860936
9,6234,400,6400,16,376.8917436287537
9,6234,800,12800,16,450.2121253161776
8,7418,400,6400,16,341.07909002004743
11,7451,200,25600,128,323.1092724493257
9,6234,1600,25600,16,499.7348334104101
8,7418,800,12800,16,439.6696818312118
8,7418,1600,25600,16,527.9336070447501
8,7418,200,1600,8,219.1924610406025
8,7418,400,3200,8,297.1228986750137
8,7418,800,6400,8,400.4670226370657
11,7451,200,800,4,162.42746873682714
8,7418,1600,12800,8,499.8528977415869
11,7451,400,1600,4,237.38406858629273
8,7418,3200,25600,8,572.3176543844082
11,7451,800,3200,4,340.0858242656564
11,7451,1600,6400,4,449.6139484927009
11,7451,3200,12800,4,538.745290649848
11,7451,6400,25600,4,597.843027337817
2,8395,200,12800,64,629.5831012409066
34,12447,200,12800,64,656.0299712901633
2,8395,400,25600,64,673.738238490514
34,12447,400,25600,64,809.6175596664217
12,5669,200,25600,128,269.7225722017262
5,7707,200,25600,128,496.18460249333845
2,8395,200,25600,128,660.8679451695879
8,7418,200,12800,64,310.4574852382916
8,7418,400,25600,64,386.401128892071
9,6234,200,1600,8,231.90296116687693
9,6234,400,3200,8,322.7957686720724
9,6234,800,6400,8,410.220942238198
12,5669,200,400,2,102.8834940584009
9,6234,1600,12800,8,474.8665071611545
12,5669,400,800,2,161.03497469919841
9,6234,3200,25600,8,514.7972007460327
12,5669,800,1600,2,237.31962806711118
12,5669,1600,3200,2,319.9297041338689
12,5669,3200,6400,2,392.2464405427523
12,5669,6400,12800,2,443.4675754472783
12,5669,12800,25600,2,474.55068364537146
10,8756,200,6400,32,370.45465029634676
10,8756,400,12800,32,434.20356312293706
12,5669,200,12800,64,262.14533341711484
12,5669,400,25600,64,314.2643097720129
10,8756,800,25600,32,521.5539797060771
11,7451,200,400,2,116.01439662127733
11,7451,400,800,2,178.49406291820725
11,7451,800,1600,2,272.50205350893873
3,9047,200,6400,32,485.5618698791779
11,7451,1600,3200,2,388.5527661475756
11,7451,3200,6400,2,495.1984229793395
11,7451,6400,12800,2,571.4055246080587
3,9047,400,12800,32,528.3541974275773
11,7451,12800,25600,2,617.64118602471
3,9047,800,25600,32,593.9090529059561
8,7418,200,25600,128,321.3532430280458
9,6234,200,6400,32,340.09244367929034
9,6234,400,12800,32,417.85195608444286
9,6234,800,25600,32,478.04591174250106
3,9047,200,25600,128,523.7105651386831
9,6234,200,25600,128,397.41578049174564
12,5669,200,3200,16,224.59864860917196
12,5669,400,6400,16,285.61147025477686
12,5669,800,12800,16,347.39176053171025
12,5669,1600,25600,16,404.30254446042244
8,7418,200,6400,32,291.2177599060864
8,7418,400,12800,32,369.8500477226173
12,5669,200,800,4,145.80620843934292
12,5669,400,1600,4,211.73098065052736
8,7418,800,25600,32,462.67783921974774
12,5669,800,3200,4,287.1818514198143
12,5669,1600,6400,4,360.768291288654
12,5669,3200,12800,4,420.33669548096873
12,5669,6400,25600,4,460.3287041268601
10,8756,200,25600,128,409.8405780742676
6,7646,200,12800,64,530.3797309730231
6,7646,400,25600,64,570.9469915892934
12,5669,200,6400,32,248.23748320828136
6,7646,200,25600,128,548.8583661056931
12,5669,400,12800,32,304.03477810718107
12,5669,800,25600,32,360.6013013224451
11,7451,200,1600,8,211.05050475267618
11,7451,400,3200,8,294.8573913492281
12,5669,200,1600,8,189.36570078051605
12,5669,400,3200,8,255.2516357507146
11,7451,200,3200,16,254.86351463448872
11,7451,800,6400,8,397.7502136126047
12,5669,800,6400,8,324.1853520164354
12,5669,1600,12800,8,388.2359506407832
11,7451,400,6400,16,341.3362274356046
11,7451,1600,12800,8,495.35696482545285
12,5669,3200,25600,8,438.10836126075725
11,7451,800,12800,16,438.48788047774127
11,7451,3200,25600,8,568.784400253182
11,7451,1600,25600,16,524.6772476474921
10,8756,200,1600,8,270.69631360230755
10,8756,400,3200,8,349.7782416331846
10,8756,800,6400,8,449.83995876939616
10,8756,1600,12800,8,561.6119624647611
10,8756,3200,25600,8,654.0584166747777
9,6234,200,12800,64,376.0463012867955
9,6234,400,25600,64,445.4755632234672
3,9047,200,12800,64,510.3695802394059
3,9047,400,25600,64,543.2134568737442
11,7451,200,6400,32,288.6353759606485
11,7451,400,12800,32,373.6152001179507
11,7451,800,25600,32,464.25581167966584
