{
    "options": {
        "csv_file": "options.csv"
    },
    "cases": {
        "squirrel": {
            "vertices": {
                "csv_file": "vertices.csv"
            },
            "arcs": {
                "csv_file": "arcs.csv"
            },
            "vertices_improvements": {
                "csv_file": "vertices_options.csv",
                "csv_columns": {
                    "vertex_id": "vertex_id",
                    "option_id": "option_id",
                    "quality_gain" : "protected_area"
                }
            },
            "arcs_improvements": {
                "csv_file": "arcs_options.csv",
                "csv_columns": {
                    "arc_id": "arc_id",
                    "option_id": "option_id",
                    "improved_probability" : "restored_prob"
                }
            }
        }
    },
    "criterion": "squirrel"
}