{
    "options": {
        "csv_file": "dams.csv"
    },
    "cases": {
        "trout": {
            "vertices": {
                "csv_file": "stretches.csv",
                "csv_columns": {
                    "id": "id",
                    "quality": "length"
                }
            },
            "arcs": {
                "csv_file": "arcs.csv",
                "csv_columns": {
                    "id": "arc_id",
                    "from": "source_id",
                    "to": "target_id",
                    "probability": "probability"
                }
            },
            "arcs_improvements": {
                "csv_file": "dams_arcs.csv",
                "csv_columns": {
                    "arc_id": "arc_id",
                    "option_id": "dam_id",
                    "improved_probability": "improved_prob"
                }
            }
        }
    },
    "criterion": {
        "operation": "sum",
        "values": [
            [
                0.1,
                "trout"
            ],
            [
                0.05,
                "trout"
            ],
            {
                "operation": "min",
                "values": [
                    [
                        1,
                        "trout"
                    ],
                    [
                        0.5,
                        "trout"
                    ]
                ]
            }
        ]
    }
}